{
  "100_pct_voo": {
    "label": "100% VOO",
    "cagr": 0.14895216504890252,
    "max_drawdown": -0.3399302006239224,
    "annualized_vol": 0.16886514964586502,
    "sharpe": 0.9093531946448316,
    "sortino": 1.1168031540187626,
    "full_corr_voo": 1.0,
    "tail_corr_voo": 1.0,
    "avg_ret_on_voo_worst5pct_days": -0.025483036250751493,
    "avg_voo_ret_on_worst5pct_days": -0.025483036250751486,
    "worst_calendar_year": 2022,
    "worst_calendar_year_return": -0.18174017905106865,
    "worst_rolling_12m_return": -0.19729290942808542
  },
  "95_5": {
    "label": "95/5",
    "cagr": 0.1446153834919266,
    "max_drawdown": -0.33082568361187903,
    "annualized_vol": 0.16359825688335505,
    "sharpe": 0.9100720754186327,
    "sortino": 1.1210339959682323,
    "full_corr_voo": 0.9994367114713674,
    "tail_corr_voo": 0.9986169552273232,
    "avg_ret_on_voo_worst5pct_days": -0.02468533286831503,
    "avg_voo_ret_on_worst5pct_days": -0.025483036250751486,
    "worst_calendar_year": 2022,
    "worst_calendar_year_return": -0.17841408960879834,
    "worst_rolling_12m_return": -0.19352316542836068
  },
  "90_10": {
    "label": "90/10",
    "cagr": 0.14022778565544525,
    "max_drawdown": -0.32168064833971083,
    "annualized_vol": 0.1585278101765374,
    "sharpe": 0.9097100811407701,
    "sortino": 1.1214541499830357,
    "full_corr_voo": 0.9975981999746194,
    "tail_corr_voo": 0.9940409520701334,
    "avg_ret_on_voo_worst5pct_days": -0.023887629485878564,
    "avg_voo_ret_on_worst5pct_days": -0.025483036250751486,
    "worst_calendar_year": 2022,
    "worst_calendar_year_return": -0.17517986488465587,
    "worst_rolling_12m_return": -0.18983905466570294
  },
  "80_20": {
    "label": "80/20",
    "cagr": 0.13130303511013963,
    "max_drawdown": -0.3032748222582376,
    "annualized_vol": 0.149055689756523,
    "sharpe": 0.9048338311888251,
    "sortino": 1.120926614668525,
    "full_corr_voo": 0.9890864733242903,
    "tail_corr_voo": 0.9725756271479283,
    "avg_ret_on_voo_worst5pct_days": -0.022292222721005665,
    "avg_voo_ret_on_worst5pct_days": -0.025483036250751486,
    "worst_calendar_year": 2022,
    "worst_calendar_year_return": -0.16899202528733215,
    "worst_rolling_12m_return": -0.18273332055065827
  },
  "70_30": {
    "label": "70/30",
    "cagr": 0.12218373967365337,
    "max_drawdown": -0.2847246351469551,
    "annualized_vol": 0.14062373524122462,
    "sharpe": 0.8926438653594401,
    "sortino": 1.1088555423726731,
    "full_corr_voo": 0.9721749653986447,
    "tail_corr_voo": 0.930273896334219,
    "avg_ret_on_voo_worst5pct_days": -0.020696815956132753,
    "avg_voo_ret_on_worst5pct_days": -0.025483036250751486,
    "worst_calendar_year": 2022,
    "worst_calendar_year_return": -0.1631864022333661,
    "worst_rolling_12m_return": -0.17598663176019758
  },
  "100_pct_momentum": {
    "label": "100% Momentum",
    "cagr": 0.0534018294107228,
    "max_drawdown": -0.25335746144759125,
    "annualized_vol": 0.12594604711283738,
    "sharpe": 0.4773544094003647,
    "sortino": 0.6039772664745109,
    "full_corr_voo": 0.4897671295095911,
    "tail_corr_voo": 0.22560848341626488,
    "avg_ret_on_voo_worst5pct_days": -0.00952896860202234,
    "avg_voo_ret_on_worst5pct_days": -0.025483036250751486,
    "worst_calendar_year": 2022,
    "worst_calendar_year_return": -0.13396106771896799,
    "worst_rolling_12m_return": -0.21063144687889024
  },
  "100_pct_vti": {
    "label": "100% VTI",
    "cagr": 0.14669620723278953,
    "max_drawdown": -0.35000294201835264,
    "annualized_vol": 0.17167214594933153,
    "sharpe": 0.8857149005163404,
    "sortino": 1.0931073976788792,
    "full_corr_voo": 0.9954854729773664,
    "tail_corr_voo": 0.9950358293369888,
    "avg_ret_on_voo_worst5pct_days": -0.02582914796442539,
    "avg_voo_ret_on_worst5pct_days": -0.025483036250751486,
    "worst_calendar_year": 2022,
    "worst_calendar_year_return": -0.19523457413298262,
    "worst_rolling_12m_return": -0.21363317087189682
  }
}